x-axis,Min,Avg,Max
0,29.01301,72.96783,98.75168
1,83.37073,88.56017,99.09599
2,87.87117,93.33559,99.09599
3,93.33887,97.72768,99.99151
4,97.89738,98.8218,99.99151
5,98.75168,99.21706,99.99151
6,99.09599,99.49766,99.99151
7,99.36618,99.79794,99.9952
8,99.85709,99.92717,99.9952
9,99.90571,99.96172,99.9952
