x-axis,Min,Avg,Max
0,0.55118,1.0126,1.87447
1,0.55118,0.793,0.87262
2,0.60747,0.74704,0.82272
3,0.63457,0.69874,0.73333
4,0.67983,0.69337,0.71942
5,0.68808,0.69373,0.70825
6,0.69138,0.69733,0.70825
7,0.69397,0.70027,0.70596
8,0.69869,0.69996,0.70136
9,0.6991,0.69989,0.70072
